  0.0, 4432346.298, 3091050.072, 3376905.911
  0.1, 4432346.298, 3091050.072, 3376905.911
  0.2, 4432346.298, 3091050.072, 3376905.911
  0.3, 4432346.298, 3091050.072, 3376905.911
  0.4, 4432346.298, 3091050.072, 3376905.911
  0.5, 4432346.298, 3091050.072, 3376905.911
  0.6, 4432346.298, 3091050.072, 3376905.911
  0.7, 4432346.298, 3091050.072, 3376905.911
  0.8, 4432346.298, 3091050.072, 3376905.911
  0.9, 4432346.298, 3091050.072, 3376905.911
  1.0, 4432346.298, 3091050.072, 3376905.911
  1.1, 4432346.298, 3091050.072, 3376905.911
  1.2, 4432346.298, 3091050.072, 3376905.911
  1.3, 4432346.298, 3091050.072, 3376905.911
  1.4, 4432346.298, 3091050.072, 3376905.911
  1.5, 4432346.298, 3091050.072, 3376905.911
  1.6, 4432346.298, 3091050.072, 3376905.911
  1.7, 4432346.298, 3091050.072, 3376905.911
  1.8, 4432346.298, 3091050.072, 3376905.911
  1.9, 4432346.298, 3091050.072, 3376905.911
  2.0, 4432346.298, 3091050.072, 3376905.911
  2.1, 4432346.298, 3091050.072, 3376905.911
  2.2, 4432346.298, 3091050.072, 3376905.911
  2.3, 4432346.298, 3091050.072, 3376905.911
  2.4, 4432346.298, 3091050.072, 3376905.911
  2.5, 4432346.298, 3091050.072, 3376905.911
  2.6, 4432346.298, 3091050.072, 3376905.911
  2.7, 4432346.298, 3091050.072, 3376905.911
  2.8, 4432346.298, 3091050.072, 3376905.911
  2.9, 4432346.298, 3091050.072, 3376905.911
  3.0, 4432346.298, 3091050.072, 3376905.911
  3.1, 4432346.298, 3091050.072, 3376905.911
  3.2, 4432346.298, 3091050.072, 3376905.911
  3.3, 4432346.298, 3091050.072, 3376905.911
  3.4, 4432346.298, 3091050.072, 3376905.911
  3.5, 4432346.298, 3091050.072, 3376905.911
  3.6, 4432346.298, 3091050.072, 3376905.911
  3.7, 4432346.298, 3091050.072, 3376905.911
  3.8, 4432346.298, 3091050.072, 3376905.911
  3.9, 4432346.298, 3091050.072, 3376905.911
  4.0, 4432346.298, 3091050.072, 3376905.911
  4.1, 4432346.298, 3091050.072, 3376905.911
  4.2, 4432346.298, 3091050.072, 3376905.911
  4.3, 4432346.298, 3091050.072, 3376905.911
  4.4, 4432346.298, 3091050.072, 3376905.911
  4.5, 4432346.298, 3091050.072, 3376905.911
  4.6, 4432346.298, 3091050.072, 3376905.911
  4.7, 4432346.298, 3091050.072, 3376905.911
  4.8, 4432346.298, 3091050.072, 3376905.911
  4.9, 4432346.298, 3091050.072, 3376905.911
  5.0, 4432346.298, 3091050.072, 3376905.911
  5.1, 4432346.298, 3091050.072, 3376905.911
  5.2, 4432346.298, 3091050.072, 3376905.911
  5.3, 4432346.298, 3091050.072, 3376905.911
  5.4, 4432346.298, 3091050.072, 3376905.911
  5.5, 4432346.298, 3091050.072, 3376905.911
  5.6, 4432346.298, 3091050.072, 3376905.911
  5.7, 4432346.298, 3091050.072, 3376905.911
  5.8, 4432346.298, 3091050.072, 3376905.911
  5.9, 4432346.298, 3091050.072, 3376905.911
  6.0, 4432346.298, 3091050.072, 3376905.911
  6.1, 4432346.298, 3091050.072, 3376905.911
  6.2, 4432346.298, 3091050.072, 3376905.911
  6.3, 4432346.298, 3091050.072, 3376905.911
  6.4, 4432346.298, 3091050.072, 3376905.911
  6.5, 4432346.298, 3091050.072, 3376905.911
  6.6, 4432346.298, 3091050.072, 3376905.911
  6.7, 4432346.298, 3091050.072, 3376905.911
  6.8, 4432346.298, 3091050.072, 3376905.911
  6.9, 4432346.298, 3091050.072, 3376905.911
  7.0, 4432346.298, 3091050.072, 3376905.911
  7.1, 4432346.298, 3091050.072, 3376905.911
  7.2, 4432346.298, 3091050.072, 3376905.911
  7.3, 4432346.298, 3091050.072, 3376905.911
  7.4, 4432346.298, 3091050.072, 3376905.911
  7.5, 4432346.298, 3091050.072, 3376905.911
  7.6, 4432346.298, 3091050.072, 3376905.911
  7.7, 4432346.298, 3091050.072, 3376905.911
  7.8, 4432346.298, 3091050.072, 3376905.911
  7.9, 4432346.298, 3091050.072, 3376905.911
  8.0, 4432346.298, 3091050.072, 3376905.911
  8.1, 4432346.298, 3091050.072, 3376905.911
  8.2, 4432346.298, 3091050.072, 3376905.911
  8.3, 4432346.298, 3091050.072, 3376905.911
  8.4, 4432346.298, 3091050.072, 3376905.911
  8.5, 4432346.298, 3091050.072, 3376905.911
  8.6, 4432346.298, 3091050.072, 3376905.911
  8.7, 4432346.298, 3091050.072, 3376905.911
  8.8, 4432346.298, 3091050.072, 3376905.911
  8.9, 4432346.298, 3091050.072, 3376905.911
  9.0, 4432346.298, 3091050.072, 3376905.911
  9.1, 4432346.298, 3091050.072, 3376905.911
  9.2, 4432346.298, 3091050.072, 3376905.911
  9.3, 4432346.298, 3091050.072, 3376905.911
  9.4, 4432346.298, 3091050.072, 3376905.911
  9.5, 4432346.298, 3091050.072, 3376905.911
  9.6, 4432346.298, 3091050.072, 3376905.911
  9.7, 4432346.298, 3091050.072, 3376905.911
  9.8, 4432346.298, 3091050.072, 3376905.911
  9.9, 4432346.298, 3091050.072, 3376905.911
 10.0, 4432346.298, 3091050.072, 3376905.911
 10.1, 4432346.298, 3091050.072, 3376905.911
 10.2, 4432346.298, 3091050.072, 3376905.911
 10.3, 4432346.298, 3091050.072, 3376905.911
 10.4, 4432346.298, 3091050.072, 3376905.911
 10.5, 4432346.298, 3091050.072, 3376905.911
 10.6, 4432346.298, 3091050.072, 3376905.911
 10.7, 4432346.298, 3091050.072, 3376905.911
 10.8, 4432346.298, 3091050.072, 3376905.911
 10.9, 4432346.298, 3091050.072, 3376905.911
 11.0, 4432346.298, 3091050.072, 3376905.911
 11.1, 4432346.298, 3091050.072, 3376905.911
 11.2, 4432346.298, 3091050.072, 3376905.911
 11.3, 4432346.298, 3091050.072, 3376905.911
 11.4, 4432346.298, 3091050.072, 3376905.911
 11.5, 4432346.298, 3091050.072, 3376905.911
 11.6, 4432346.298, 3091050.072, 3376905.911
 11.7, 4432346.298, 3091050.072, 3376905.911
 11.8, 4432346.298, 3091050.072, 3376905.911
 11.9, 4432346.298, 3091050.072, 3376905.911
 12.0, 4432346.298, 3091050.072, 3376905.911
 12.1, 4432346.298, 3091050.072, 3376905.911
 12.2, 4432346.298, 3091050.072, 3376905.911
 12.3, 4432346.298, 3091050.072, 3376905.911
 12.4, 4432346.298, 3091050.072, 3376905.911
 12.5, 4432346.298, 3091050.072, 3376905.911
 12.6, 4432346.298, 3091050.072, 3376905.911
 12.7, 4432346.298, 3091050.072, 3376905.911
 12.8, 4432346.298, 3091050.072, 3376905.911
 12.9, 4432346.298, 3091050.072, 3376905.911
 13.0, 4432346.298, 3091050.072, 3376905.911
 13.1, 4432346.298, 3091050.072, 3376905.911
 13.2, 4432346.298, 3091050.072, 3376905.911
 13.3, 4432346.298, 3091050.072, 3376905.911
 13.4, 4432346.298, 3091050.072, 3376905.911
 13.5, 4432346.298, 3091050.072, 3376905.911
 13.6, 4432346.298, 3091050.072, 3376905.911
 13.7, 4432346.298, 3091050.072, 3376905.911
 13.8, 4432346.298, 3091050.072, 3376905.911
 13.9, 4432346.298, 3091050.072, 3376905.911
 14.0, 4432346.298, 3091050.072, 3376905.911
 14.1, 4432346.298, 3091050.072, 3376905.911
 14.2, 4432346.298, 3091050.072, 3376905.911
 14.3, 4432346.298, 3091050.072, 3376905.911
 14.4, 4432346.298, 3091050.072, 3376905.911
 14.5, 4432346.298, 3091050.072, 3376905.911
 14.6, 4432346.298, 3091050.072, 3376905.911
 14.7, 4432346.298, 3091050.072, 3376905.911
 14.8, 4432346.298, 3091050.072, 3376905.911
 14.9, 4432346.298, 3091050.072, 3376905.911
 15.0, 4432346.298, 3091050.072, 3376905.911
 15.1, 4432346.298, 3091050.072, 3376905.911
 15.2, 4432346.298, 3091050.072, 3376905.911
 15.3, 4432346.298, 3091050.072, 3376905.911
 15.4, 4432346.298, 3091050.072, 3376905.911
 15.5, 4432346.298, 3091050.072, 3376905.911
 15.6, 4432346.298, 3091050.072, 3376905.911
 15.7, 4432346.298, 3091050.072, 3376905.911
 15.8, 4432346.298, 3091050.072, 3376905.911
 15.9, 4432346.298, 3091050.072, 3376905.911
 16.0, 4432346.298, 3091050.072, 3376905.911
 16.1, 4432346.298, 3091050.072, 3376905.911
 16.2, 4432346.298, 3091050.072, 3376905.911
 16.3, 4432346.298, 3091050.072, 3376905.911
 16.4, 4432346.298, 3091050.072, 3376905.911
 16.5, 4432346.298, 3091050.072, 3376905.911
 16.6, 4432346.298, 3091050.072, 3376905.911
 16.7, 4432346.298, 3091050.072, 3376905.911
 16.8, 4432346.298, 3091050.072, 3376905.911
 16.9, 4432346.298, 3091050.072, 3376905.911
 17.0, 4432346.298, 3091050.072, 3376905.911
 17.1, 4432346.298, 3091050.072, 3376905.911
 17.2, 4432346.298, 3091050.072, 3376905.911
 17.3, 4432346.298, 3091050.072, 3376905.911
 17.4, 4432346.298, 3091050.072, 3376905.911
 17.5, 4432346.298, 3091050.072, 3376905.911
 17.6, 4432346.298, 3091050.072, 3376905.911
 17.7, 4432346.298, 3091050.072, 3376905.911
 17.8, 4432346.298, 3091050.072, 3376905.911
 17.9, 4432346.298, 3091050.072, 3376905.911
 18.0, 4432346.298, 3091050.072, 3376905.911
 18.1, 4432346.298, 3091050.072, 3376905.911
 18.2, 4432346.298, 3091050.072, 3376905.911
 18.3, 4432346.298, 3091050.072, 3376905.911
 18.4, 4432346.298, 3091050.072, 3376905.911
 18.5, 4432346.298, 3091050.072, 3376905.911
 18.6, 4432346.298, 3091050.072, 3376905.911
 18.7, 4432346.298, 3091050.072, 3376905.911
 18.8, 4432346.298, 3091050.072, 3376905.911
 18.9, 4432346.298, 3091050.072, 3376905.911
 19.0, 4432346.298, 3091050.072, 3376905.911
 19.1, 4432346.298, 3091050.072, 3376905.911
 19.2, 4432346.298, 3091050.072, 3376905.911
 19.3, 4432346.298, 3091050.072, 3376905.911
 19.4, 4432346.298, 3091050.072, 3376905.911
 19.5, 4432346.298, 3091050.072, 3376905.911
 19.6, 4432346.298, 3091050.072, 3376905.911
 19.7, 4432346.298, 3091050.072, 3376905.911
 19.8, 4432346.298, 3091050.072, 3376905.911
 19.9, 4432346.298, 3091050.072, 3376905.911
 20.0, 4432346.298, 3091050.072, 3376905.911
 20.1, 4432346.298, 3091050.072, 3376905.911
 20.2, 4432346.298, 3091050.072, 3376905.911
 20.3, 4432346.298, 3091050.072, 3376905.911
 20.4, 4432346.298, 3091050.072, 3376905.911
 20.5, 4432346.298, 3091050.072, 3376905.911
 20.6, 4432346.298, 3091050.072, 3376905.911
 20.7, 4432346.298, 3091050.072, 3376905.911
 20.8, 4432346.298, 3091050.072, 3376905.911
 20.9, 4432346.298, 3091050.072, 3376905.911
 21.0, 4432346.298, 3091050.072, 3376905.911
 21.1, 4432346.298, 3091050.072, 3376905.911
 21.2, 4432346.298, 3091050.072, 3376905.911
 21.3, 4432346.298, 3091050.072, 3376905.911
 21.4, 4432346.298, 3091050.072, 3376905.911
 21.5, 4432346.298, 3091050.072, 3376905.911
 21.6, 4432346.298, 3091050.072, 3376905.911
 21.7, 4432346.298, 3091050.072, 3376905.911
 21.8, 4432346.298, 3091050.072, 3376905.911
 21.9, 4432346.298, 3091050.072, 3376905.911
 22.0, 4432346.298, 3091050.072, 3376905.911
 22.1, 4432346.298, 3091050.072, 3376905.911
 22.2, 4432346.298, 3091050.072, 3376905.911
 22.3, 4432346.298, 3091050.072, 3376905.911
 22.4, 4432346.298, 3091050.072, 3376905.911
 22.5, 4432346.298, 3091050.072, 3376905.911
 22.6, 4432346.298, 3091050.072, 3376905.911
 22.7, 4432346.298, 3091050.072, 3376905.911
 22.8, 4432346.298, 3091050.072, 3376905.911
 22.9, 4432346.298, 3091050.072, 3376905.911
 23.0, 4432346.298, 3091050.072, 3376905.911
 23.1, 4432346.298, 3091050.072, 3376905.911
 23.2, 4432346.298, 3091050.072, 3376905.911
 23.3, 4432346.298, 3091050.072, 3376905.911
 23.4, 4432346.298, 3091050.072, 3376905.911
 23.5, 4432346.298, 3091050.072, 3376905.911
 23.6, 4432346.298, 3091050.072, 3376905.911
 23.7, 4432346.298, 3091050.072, 3376905.911
 23.8, 4432346.298, 3091050.072, 3376905.911
 23.9, 4432346.298, 3091050.072, 3376905.911
 24.0, 4432346.298, 3091050.072, 3376905.911
 24.1, 4432346.298, 3091050.072, 3376905.911
 24.2, 4432346.298, 3091050.072, 3376905.911
 24.3, 4432346.298, 3091050.072, 3376905.911
 24.4, 4432346.298, 3091050.072, 3376905.911
 24.5, 4432346.298, 3091050.072, 3376905.911
 24.6, 4432346.298, 3091050.072, 3376905.911
 24.7, 4432346.298, 3091050.072, 3376905.911
 24.8, 4432346.298, 3091050.072, 3376905.911
 24.9, 4432346.298, 3091050.072, 3376905.911
 25.0, 4432346.298, 3091050.072, 3376905.911
 25.1, 4432346.298, 3091050.072, 3376905.911
 25.2, 4432346.298, 3091050.072, 3376905.911
 25.3, 4432346.298, 3091050.072, 3376905.911
 25.4, 4432346.298, 3091050.072, 3376905.911
 25.5, 4432346.298, 3091050.072, 3376905.911
 25.6, 4432346.298, 3091050.072, 3376905.911
 25.7, 4432346.298, 3091050.072, 3376905.911
 25.8, 4432346.298, 3091050.072, 3376905.911
 25.9, 4432346.298, 3091050.072, 3376905.911
 26.0, 4432346.298, 3091050.072, 3376905.911
 26.1, 4432346.298, 3091050.072, 3376905.911
 26.2, 4432346.298, 3091050.072, 3376905.911
 26.3, 4432346.298, 3091050.072, 3376905.911
 26.4, 4432346.298, 3091050.072, 3376905.911
 26.5, 4432346.298, 3091050.072, 3376905.911
 26.6, 4432346.298, 3091050.072, 3376905.911
 26.7, 4432346.298, 3091050.072, 3376905.911
 26.8, 4432346.298, 3091050.072, 3376905.911
 26.9, 4432346.298, 3091050.072, 3376905.911
 27.0, 4432346.298, 3091050.072, 3376905.911
 27.1, 4432346.298, 3091050.072, 3376905.911
 27.2, 4432346.298, 3091050.072, 3376905.911
 27.3, 4432346.298, 3091050.072, 3376905.911
 27.4, 4432346.298, 3091050.072, 3376905.911
 27.5, 4432346.298, 3091050.072, 3376905.911
 27.6, 4432346.298, 3091050.072, 3376905.911
 27.7, 4432346.298, 3091050.072, 3376905.911
 27.8, 4432346.298, 3091050.072, 3376905.911
 27.9, 4432346.298, 3091050.072, 3376905.911
 28.0, 4432346.298, 3091050.072, 3376905.911
 28.1, 4432346.298, 3091050.072, 3376905.911
 28.2, 4432346.298, 3091050.072, 3376905.911
 28.3, 4432346.298, 3091050.072, 3376905.911
 28.4, 4432346.298, 3091050.072, 3376905.911
 28.5, 4432346.298, 3091050.072, 3376905.911
 28.6, 4432346.298, 3091050.072, 3376905.911
 28.7, 4432346.298, 3091050.072, 3376905.911
 28.8, 4432346.298, 3091050.072, 3376905.911
 28.9, 4432346.298, 3091050.072, 3376905.911
 29.0, 4432346.298, 3091050.072, 3376905.911
 29.1, 4432346.298, 3091050.072, 3376905.911
 29.2, 4432346.298, 3091050.072, 3376905.911
 29.3, 4432346.298, 3091050.072, 3376905.911
 29.4, 4432346.298, 3091050.072, 3376905.911
 29.5, 4432346.298, 3091050.072, 3376905.911
 29.6, 4432346.298, 3091050.072, 3376905.911
 29.7, 4432346.298, 3091050.072, 3376905.911
 29.8, 4432346.298, 3091050.072, 3376905.911
 29.9, 4432346.298, 3091050.072, 3376905.911
 30.0, 4432346.298, 3091050.072, 3376905.911
 30.1, 4432346.298, 3091050.072, 3376905.911
 30.2, 4432346.298, 3091050.072, 3376905.911
 30.3, 4432346.298, 3091050.072, 3376905.911
 30.4, 4432346.298, 3091050.072, 3376905.911
 30.5, 4432346.298, 3091050.072, 3376905.911
 30.6, 4432346.298, 3091050.072, 3376905.911
 30.7, 4432346.298, 3091050.072, 3376905.911
 30.8, 4432346.298, 3091050.072, 3376905.911
 30.9, 4432346.298, 3091050.072, 3376905.911
 31.0, 4432346.298, 3091050.072, 3376905.911
 31.1, 4432346.298, 3091050.072, 3376905.911
 31.2, 4432346.298, 3091050.072, 3376905.911
 31.3, 4432346.298, 3091050.072, 3376905.911
 31.4, 4432346.298, 3091050.072, 3376905.911
 31.5, 4432346.298, 3091050.072, 3376905.911
 31.6, 4432346.298, 3091050.072, 3376905.911
 31.7, 4432346.298, 3091050.072, 3376905.911
 31.8, 4432346.298, 3091050.072, 3376905.911
 31.9, 4432346.298, 3091050.072, 3376905.911
 32.0, 4432346.298, 3091050.072, 3376905.911
 32.1, 4432346.298, 3091050.072, 3376905.911
 32.2, 4432346.298, 3091050.072, 3376905.911
 32.3, 4432346.298, 3091050.072, 3376905.911
 32.4, 4432346.298, 3091050.072, 3376905.911
 32.5, 4432346.298, 3091050.072, 3376905.911
 32.6, 4432346.298, 3091050.072, 3376905.911
 32.7, 4432346.298, 3091050.072, 3376905.911
 32.8, 4432346.298, 3091050.072, 3376905.911
 32.9, 4432346.298, 3091050.072, 3376905.911
 33.0, 4432346.298, 3091050.072, 3376905.911
 33.1, 4432346.298, 3091050.072, 3376905.911
 33.2, 4432346.298, 3091050.072, 3376905.911
 33.3, 4432346.298, 3091050.072, 3376905.911
 33.4, 4432346.298, 3091050.072, 3376905.911
 33.5, 4432346.298, 3091050.072, 3376905.911
 33.6, 4432346.298, 3091050.072, 3376905.911
 33.7, 4432346.298, 3091050.072, 3376905.911
 33.8, 4432346.298, 3091050.072, 3376905.911
 33.9, 4432346.298, 3091050.072, 3376905.911
 34.0, 4432346.298, 3091050.072, 3376905.911
 34.1, 4432346.298, 3091050.072, 3376905.911
 34.2, 4432346.298, 3091050.072, 3376905.911
 34.3, 4432346.298, 3091050.072, 3376905.911
 34.4, 4432346.298, 3091050.072, 3376905.911
 34.5, 4432346.298, 3091050.072, 3376905.911
 34.6, 4432346.298, 3091050.072, 3376905.911
 34.7, 4432346.298, 3091050.072, 3376905.911
 34.8, 4432346.298, 3091050.072, 3376905.911
 34.9, 4432346.298, 3091050.072, 3376905.911
 35.0, 4432346.298, 3091050.072, 3376905.911
 35.1, 4432346.298, 3091050.072, 3376905.911
 35.2, 4432346.298, 3091050.072, 3376905.911
 35.3, 4432346.298, 3091050.072, 3376905.911
 35.4, 4432346.298, 3091050.072, 3376905.911
 35.5, 4432346.298, 3091050.072, 3376905.911
 35.6, 4432346.298, 3091050.072, 3376905.911
 35.7, 4432346.298, 3091050.072, 3376905.911
 35.8, 4432346.298, 3091050.072, 3376905.911
 35.9, 4432346.298, 3091050.072, 3376905.911
 36.0, 4432346.298, 3091050.072, 3376905.911
 36.1, 4432346.298, 3091050.072, 3376905.911
 36.2, 4432346.298, 3091050.072, 3376905.911
 36.3, 4432346.298, 3091050.072, 3376905.911
 36.4, 4432346.298, 3091050.072, 3376905.911
 36.5, 4432346.298, 3091050.072, 3376905.911
 36.6, 4432346.298, 3091050.072, 3376905.911
 36.7, 4432346.298, 3091050.072, 3376905.911
 36.8, 4432346.298, 3091050.072, 3376905.911
 36.9, 4432346.298, 3091050.072, 3376905.911
 37.0, 4432346.298, 3091050.072, 3376905.911
 37.1, 4432346.298, 3091050.072, 3376905.911
 37.2, 4432346.298, 3091050.072, 3376905.911
 37.3, 4432346.298, 3091050.072, 3376905.911
 37.4, 4432346.298, 3091050.072, 3376905.911
 37.5, 4432346.298, 3091050.072, 3376905.911
 37.6, 4432346.298, 3091050.072, 3376905.911
 37.7, 4432346.298, 3091050.072, 3376905.911
 37.8, 4432346.298, 3091050.072, 3376905.911
 37.9, 4432346.298, 3091050.072, 3376905.911
 38.0, 4432346.298, 3091050.072, 3376905.911
 38.1, 4432346.298, 3091050.072, 3376905.911
 38.2, 4432346.298, 3091050.072, 3376905.911
 38.3, 4432346.298, 3091050.072, 3376905.911
 38.4, 4432346.298, 3091050.072, 3376905.911
 38.5, 4432346.298, 3091050.072, 3376905.911
 38.6, 4432346.298, 3091050.072, 3376905.911
 38.7, 4432346.298, 3091050.072, 3376905.911
 38.8, 4432346.298, 3091050.072, 3376905.911
 38.9, 4432346.298, 3091050.072, 3376905.911
 39.0, 4432346.298, 3091050.072, 3376905.911
 39.1, 4432346.298, 3091050.072, 3376905.911
 39.2, 4432346.298, 3091050.072, 3376905.911
 39.3, 4432346.298, 3091050.072, 3376905.911
 39.4, 4432346.298, 3091050.072, 3376905.911
 39.5, 4432346.298, 3091050.072, 3376905.911
 39.6, 4432346.298, 3091050.072, 3376905.911
 39.7, 4432346.298, 3091050.072, 3376905.911
 39.8, 4432346.298, 3091050.072, 3376905.911
 39.9, 4432346.298, 3091050.072, 3376905.911
 40.0, 4432346.298, 3091050.072, 3376905.911
 40.1, 4432346.298, 3091050.072, 3376905.911
 40.2, 4432346.298, 3091050.072, 3376905.911
 40.3, 4432346.298, 3091050.072, 3376905.911
 40.4, 4432346.298, 3091050.072, 3376905.911
 40.5, 4432346.298, 3091050.072, 3376905.911
 40.6, 4432346.298, 3091050.072, 3376905.911
 40.7, 4432346.298, 3091050.072, 3376905.911
 40.8, 4432346.298, 3091050.072, 3376905.911
 40.9, 4432346.298, 3091050.072, 3376905.911
 41.0, 4432346.298, 3091050.072, 3376905.911
 41.1, 4432346.298, 3091050.072, 3376905.911
 41.2, 4432346.298, 3091050.072, 3376905.911
 41.3, 4432346.298, 3091050.072, 3376905.911
 41.4, 4432346.298, 3091050.072, 3376905.911
 41.5, 4432346.298, 3091050.072, 3376905.911
 41.6, 4432346.298, 3091050.072, 3376905.911
 41.7, 4432346.298, 3091050.072, 3376905.911
 41.8, 4432346.298, 3091050.072, 3376905.911
 41.9, 4432346.298, 3091050.072, 3376905.911
 42.0, 4432346.298, 3091050.072, 3376905.911
 42.1, 4432346.298, 3091050.072, 3376905.911
 42.2, 4432346.298, 3091050.072, 3376905.911
 42.3, 4432346.298, 3091050.072, 3376905.911
 42.4, 4432346.298, 3091050.072, 3376905.911
 42.5, 4432346.298, 3091050.072, 3376905.911
 42.6, 4432346.298, 3091050.072, 3376905.911
 42.7, 4432346.298, 3091050.072, 3376905.911
 42.8, 4432346.298, 3091050.072, 3376905.911
 42.9, 4432346.298, 3091050.072, 3376905.911
 43.0, 4432346.298, 3091050.072, 3376905.911
 43.1, 4432346.298, 3091050.072, 3376905.911
 43.2, 4432346.298, 3091050.072, 3376905.911
 43.3, 4432346.298, 3091050.072, 3376905.911
 43.4, 4432346.298, 3091050.072, 3376905.911
 43.5, 4432346.298, 3091050.072, 3376905.911
 43.6, 4432346.298, 3091050.072, 3376905.911
 43.7, 4432346.298, 3091050.072, 3376905.911
 43.8, 4432346.298, 3091050.072, 3376905.911
 43.9, 4432346.298, 3091050.072, 3376905.911
 44.0, 4432346.298, 3091050.072, 3376905.911
 44.1, 4432346.298, 3091050.072, 3376905.911
 44.2, 4432346.298, 3091050.072, 3376905.911
 44.3, 4432346.298, 3091050.072, 3376905.911
 44.4, 4432346.298, 3091050.072, 3376905.911
 44.5, 4432346.298, 3091050.072, 3376905.911
 44.6, 4432346.298, 3091050.072, 3376905.911
 44.7, 4432346.298, 3091050.072, 3376905.911
 44.8, 4432346.298, 3091050.072, 3376905.911
 44.9, 4432346.298, 3091050.072, 3376905.911
 45.0, 4432346.298, 3091050.072, 3376905.911
 45.1, 4432346.298, 3091050.072, 3376905.911
 45.2, 4432346.298, 3091050.072, 3376905.911
 45.3, 4432346.298, 3091050.072, 3376905.911
 45.4, 4432346.298, 3091050.072, 3376905.911
 45.5, 4432346.298, 3091050.072, 3376905.911
 45.6, 4432346.298, 3091050.072, 3376905.911
 45.7, 4432346.298, 3091050.072, 3376905.911
 45.8, 4432346.298, 3091050.072, 3376905.911
 45.9, 4432346.298, 3091050.072, 3376905.911
 46.0, 4432346.298, 3091050.072, 3376905.911
 46.1, 4432346.298, 3091050.072, 3376905.911
 46.2, 4432346.298, 3091050.072, 3376905.911
 46.3, 4432346.298, 3091050.072, 3376905.911
 46.4, 4432346.298, 3091050.072, 3376905.911
 46.5, 4432346.298, 3091050.072, 3376905.911
 46.6, 4432346.298, 3091050.072, 3376905.911
 46.7, 4432346.298, 3091050.072, 3376905.911
 46.8, 4432346.298, 3091050.072, 3376905.911
 46.9, 4432346.298, 3091050.072, 3376905.911
 47.0, 4432346.298, 3091050.072, 3376905.911
 47.1, 4432346.298, 3091050.072, 3376905.911
 47.2, 4432346.298, 3091050.072, 3376905.911
 47.3, 4432346.298, 3091050.072, 3376905.911
 47.4, 4432346.298, 3091050.072, 3376905.911
 47.5, 4432346.298, 3091050.072, 3376905.911
 47.6, 4432346.298, 3091050.072, 3376905.911
 47.7, 4432346.298, 3091050.072, 3376905.911
 47.8, 4432346.298, 3091050.072, 3376905.911
 47.9, 4432346.298, 3091050.072, 3376905.911
 48.0, 4432346.298, 3091050.072, 3376905.911
 48.1, 4432346.298, 3091050.072, 3376905.911
 48.2, 4432346.298, 3091050.072, 3376905.911
 48.3, 4432346.298, 3091050.072, 3376905.911
 48.4, 4432346.298, 3091050.072, 3376905.911
 48.5, 4432346.298, 3091050.072, 3376905.911
 48.6, 4432346.298, 3091050.072, 3376905.911
 48.7, 4432346.298, 3091050.072, 3376905.911
 48.8, 4432346.298, 3091050.072, 3376905.911
 48.9, 4432346.298, 3091050.072, 3376905.911
 49.0, 4432346.298, 3091050.072, 3376905.911
 49.1, 4432346.298, 3091050.072, 3376905.911
 49.2, 4432346.298, 3091050.072, 3376905.911
 49.3, 4432346.298, 3091050.072, 3376905.911
 49.4, 4432346.298, 3091050.072, 3376905.911
 49.5, 4432346.298, 3091050.072, 3376905.911
 49.6, 4432346.298, 3091050.072, 3376905.911
 49.7, 4432346.298, 3091050.072, 3376905.911
 49.8, 4432346.298, 3091050.072, 3376905.911
 49.9, 4432346.298, 3091050.072, 3376905.911
 50.0, 4432346.298, 3091050.072, 3376905.911
 50.1, 4432346.298, 3091050.072, 3376905.911
 50.2, 4432346.298, 3091050.072, 3376905.911
 50.3, 4432346.298, 3091050.072, 3376905.911
 50.4, 4432346.298, 3091050.072, 3376905.911
 50.5, 4432346.298, 3091050.072, 3376905.911
 50.6, 4432346.298, 3091050.072, 3376905.911
 50.7, 4432346.298, 3091050.072, 3376905.911
 50.8, 4432346.298, 3091050.072, 3376905.911
 50.9, 4432346.298, 3091050.072, 3376905.911
 51.0, 4432346.298, 3091050.072, 3376905.911
 51.1, 4432346.298, 3091050.072, 3376905.911
 51.2, 4432346.298, 3091050.072, 3376905.911
 51.3, 4432346.298, 3091050.072, 3376905.911
 51.4, 4432346.298, 3091050.072, 3376905.911
 51.5, 4432346.298, 3091050.072, 3376905.911
 51.6, 4432346.298, 3091050.072, 3376905.911
 51.7, 4432346.298, 3091050.072, 3376905.911
 51.8, 4432346.298, 3091050.072, 3376905.911
 51.9, 4432346.298, 3091050.072, 3376905.911
 52.0, 4432346.298, 3091050.072, 3376905.911
 52.1, 4432346.298, 3091050.072, 3376905.911
 52.2, 4432346.298, 3091050.072, 3376905.911
 52.3, 4432346.298, 3091050.072, 3376905.911
 52.4, 4432346.298, 3091050.072, 3376905.911
 52.5, 4432346.298, 3091050.072, 3376905.911
 52.6, 4432346.298, 3091050.072, 3376905.911
 52.7, 4432346.298, 3091050.072, 3376905.911
 52.8, 4432346.298, 3091050.072, 3376905.911
 52.9, 4432346.298, 3091050.072, 3376905.911
 53.0, 4432346.298, 3091050.072, 3376905.911
 53.1, 4432346.298, 3091050.072, 3376905.911
 53.2, 4432346.298, 3091050.072, 3376905.911
 53.3, 4432346.298, 3091050.072, 3376905.911
 53.4, 4432346.298, 3091050.072, 3376905.911
 53.5, 4432346.298, 3091050.072, 3376905.911
 53.6, 4432346.298, 3091050.072, 3376905.911
 53.7, 4432346.298, 3091050.072, 3376905.911
 53.8, 4432346.298, 3091050.072, 3376905.911
 53.9, 4432346.298, 3091050.072, 3376905.911
 54.0, 4432346.298, 3091050.072, 3376905.911
 54.1, 4432346.298, 3091050.072, 3376905.911
 54.2, 4432346.298, 3091050.072, 3376905.911
 54.3, 4432346.298, 3091050.072, 3376905.911
 54.4, 4432346.298, 3091050.072, 3376905.911
 54.5, 4432346.298, 3091050.072, 3376905.911
 54.6, 4432346.298, 3091050.072, 3376905.911
 54.7, 4432346.298, 3091050.072, 3376905.911
 54.8, 4432346.298, 3091050.072, 3376905.911
 54.9, 4432346.298, 3091050.072, 3376905.911
 55.0, 4432346.298, 3091050.072, 3376905.911
 55.1, 4432346.298, 3091050.072, 3376905.911
 55.2, 4432346.298, 3091050.072, 3376905.911
 55.3, 4432346.298, 3091050.072, 3376905.911
 55.4, 4432346.298, 3091050.072, 3376905.911
 55.5, 4432346.298, 3091050.072, 3376905.911
 55.6, 4432346.298, 3091050.072, 3376905.911
 55.7, 4432346.298, 3091050.072, 3376905.911
 55.8, 4432346.298, 3091050.072, 3376905.911
 55.9, 4432346.298, 3091050.072, 3376905.911
 56.0, 4432346.298, 3091050.072, 3376905.911
 56.1, 4432346.298, 3091050.072, 3376905.911
 56.2, 4432346.298, 3091050.072, 3376905.911
 56.3, 4432346.298, 3091050.072, 3376905.911
 56.4, 4432346.298, 3091050.072, 3376905.911
 56.5, 4432346.298, 3091050.072, 3376905.911
 56.6, 4432346.298, 3091050.072, 3376905.911
 56.7, 4432346.298, 3091050.072, 3376905.911
 56.8, 4432346.298, 3091050.072, 3376905.911
 56.9, 4432346.298, 3091050.072, 3376905.911
 57.0, 4432346.298, 3091050.072, 3376905.911
 57.1, 4432346.298, 3091050.072, 3376905.911
 57.2, 4432346.298, 3091050.072, 3376905.911
 57.3, 4432346.298, 3091050.072, 3376905.911
 57.4, 4432346.298, 3091050.072, 3376905.911
 57.5, 4432346.298, 3091050.072, 3376905.911
 57.6, 4432346.298, 3091050.072, 3376905.911
 57.7, 4432346.298, 3091050.072, 3376905.911
 57.8, 4432346.298, 3091050.072, 3376905.911
 57.9, 4432346.298, 3091050.072, 3376905.911
 58.0, 4432346.298, 3091050.072, 3376905.911
 58.1, 4432346.298, 3091050.072, 3376905.911
 58.2, 4432346.298, 3091050.072, 3376905.911
 58.3, 4432346.298, 3091050.072, 3376905.911
 58.4, 4432346.298, 3091050.072, 3376905.911
 58.5, 4432346.298, 3091050.072, 3376905.911
 58.6, 4432346.298, 3091050.072, 3376905.911
 58.7, 4432346.298, 3091050.072, 3376905.911
 58.8, 4432346.298, 3091050.072, 3376905.911
 58.9, 4432346.298, 3091050.072, 3376905.911
 59.0, 4432346.298, 3091050.072, 3376905.911
 59.1, 4432346.298, 3091050.072, 3376905.911
 59.2, 4432346.298, 3091050.072, 3376905.911
 59.3, 4432346.298, 3091050.072, 3376905.911
 59.4, 4432346.298, 3091050.072, 3376905.911
 59.5, 4432346.298, 3091050.072, 3376905.911
 59.6, 4432346.298, 3091050.072, 3376905.911
 59.7, 4432346.298, 3091050.072, 3376905.911
 59.8, 4432346.298, 3091050.072, 3376905.911
 59.9, 4432346.298, 3091050.072, 3376905.911
 60.0, 4432346.298, 3091050.072, 3376905.911
 60.1, 4432346.298, 3091050.072, 3376905.911
 60.2, 4432346.298, 3091050.072, 3376905.911
 60.3, 4432346.298, 3091050.072, 3376905.911
 60.4, 4432346.298, 3091050.072, 3376905.911
 60.5, 4432346.298, 3091050.072, 3376905.911
 60.6, 4432346.298, 3091050.072, 3376905.911
 60.7, 4432346.298, 3091050.072, 3376905.911
 60.8, 4432346.298, 3091050.072, 3376905.911
 60.9, 4432346.298, 3091050.072, 3376905.911
 61.0, 4432346.298, 3091050.072, 3376905.911
 61.1, 4432346.298, 3091050.072, 3376905.911
 61.2, 4432346.298, 3091050.072, 3376905.911
 61.3, 4432346.298, 3091050.072, 3376905.911
 61.4, 4432346.298, 3091050.072, 3376905.911
 61.5, 4432346.298, 3091050.072, 3376905.911
 61.6, 4432346.298, 3091050.072, 3376905.911
 61.7, 4432346.298, 3091050.072, 3376905.911
 61.8, 4432346.298, 3091050.072, 3376905.911
 61.9, 4432346.298, 3091050.072, 3376905.911
 62.0, 4432346.298, 3091050.072, 3376905.911
 62.1, 4432346.298, 3091050.072, 3376905.911
 62.2, 4432346.298, 3091050.072, 3376905.911
 62.3, 4432346.298, 3091050.072, 3376905.911
 62.4, 4432346.298, 3091050.072, 3376905.911
 62.5, 4432346.298, 3091050.072, 3376905.911
 62.6, 4432346.298, 3091050.072, 3376905.911
 62.7, 4432346.298, 3091050.072, 3376905.911
 62.8, 4432346.298, 3091050.072, 3376905.911
 62.9, 4432346.298, 3091050.072, 3376905.911
 63.0, 4432346.298, 3091050.072, 3376905.911
 63.1, 4432346.298, 3091050.072, 3376905.911
 63.2, 4432346.298, 3091050.072, 3376905.911
 63.3, 4432346.298, 3091050.072, 3376905.911
 63.4, 4432346.298, 3091050.072, 3376905.911
 63.5, 4432346.298, 3091050.072, 3376905.911
 63.6, 4432346.298, 3091050.072, 3376905.911
 63.7, 4432346.298, 3091050.072, 3376905.911
 63.8, 4432346.298, 3091050.072, 3376905.911
 63.9, 4432346.298, 3091050.072, 3376905.911
 64.0, 4432346.298, 3091050.072, 3376905.911
 64.1, 4432346.298, 3091050.072, 3376905.911
 64.2, 4432346.298, 3091050.072, 3376905.911
 64.3, 4432346.298, 3091050.072, 3376905.911
 64.4, 4432346.298, 3091050.072, 3376905.911
 64.5, 4432346.298, 3091050.072, 3376905.911
 64.6, 4432346.298, 3091050.072, 3376905.911
 64.7, 4432346.298, 3091050.072, 3376905.911
 64.8, 4432346.298, 3091050.072, 3376905.911
 64.9, 4432346.298, 3091050.072, 3376905.911
 65.0, 4432346.298, 3091050.072, 3376905.911
 65.1, 4432346.298, 3091050.072, 3376905.911
 65.2, 4432346.298, 3091050.072, 3376905.911
 65.3, 4432346.298, 3091050.072, 3376905.911
 65.4, 4432346.298, 3091050.072, 3376905.911
 65.5, 4432346.298, 3091050.072, 3376905.911
 65.6, 4432346.298, 3091050.072, 3376905.911
 65.7, 4432346.298, 3091050.072, 3376905.911
 65.8, 4432346.298, 3091050.072, 3376905.911
 65.9, 4432346.298, 3091050.072, 3376905.911
 66.0, 4432346.298, 3091050.072, 3376905.911
 66.1, 4432346.298, 3091050.072, 3376905.911
 66.2, 4432346.298, 3091050.072, 3376905.911
 66.3, 4432346.298, 3091050.072, 3376905.911
 66.4, 4432346.298, 3091050.072, 3376905.911
 66.5, 4432346.298, 3091050.072, 3376905.911
 66.6, 4432346.298, 3091050.072, 3376905.911
 66.7, 4432346.298, 3091050.072, 3376905.911
 66.8, 4432346.298, 3091050.072, 3376905.911
 66.9, 4432346.298, 3091050.072, 3376905.911
 67.0, 4432346.298, 3091050.072, 3376905.911
 67.1, 4432346.298, 3091050.072, 3376905.911
 67.2, 4432346.298, 3091050.072, 3376905.911
 67.3, 4432346.298, 3091050.072, 3376905.911
 67.4, 4432346.298, 3091050.072, 3376905.911
 67.5, 4432346.298, 3091050.072, 3376905.911
 67.6, 4432346.298, 3091050.072, 3376905.911
 67.7, 4432346.298, 3091050.072, 3376905.911
 67.8, 4432346.298, 3091050.072, 3376905.911
 67.9, 4432346.298, 3091050.072, 3376905.911
 68.0, 4432346.298, 3091050.072, 3376905.911
 68.1, 4432346.298, 3091050.072, 3376905.911
 68.2, 4432346.298, 3091050.072, 3376905.911
 68.3, 4432346.298, 3091050.072, 3376905.911
 68.4, 4432346.298, 3091050.072, 3376905.911
 68.5, 4432346.298, 3091050.072, 3376905.911
 68.6, 4432346.298, 3091050.072, 3376905.911
 68.7, 4432346.298, 3091050.072, 3376905.911
 68.8, 4432346.298, 3091050.072, 3376905.911
 68.9, 4432346.298, 3091050.072, 3376905.911
 69.0, 4432346.298, 3091050.072, 3376905.911
 69.1, 4432346.298, 3091050.072, 3376905.911
 69.2, 4432346.298, 3091050.072, 3376905.911
 69.3, 4432346.298, 3091050.072, 3376905.911
 69.4, 4432346.298, 3091050.072, 3376905.911
 69.5, 4432346.298, 3091050.072, 3376905.911
 69.6, 4432346.298, 3091050.072, 3376905.911
 69.7, 4432346.298, 3091050.072, 3376905.911
 69.8, 4432346.298, 3091050.072, 3376905.911
 69.9, 4432346.298, 3091050.072, 3376905.911
 70.0, 4432346.298, 3091050.072, 3376905.911
 70.1, 4432346.298, 3091050.072, 3376905.911
 70.2, 4432346.298, 3091050.072, 3376905.911
 70.3, 4432346.298, 3091050.072, 3376905.911
 70.4, 4432346.298, 3091050.072, 3376905.911
 70.5, 4432346.298, 3091050.072, 3376905.911
 70.6, 4432346.298, 3091050.072, 3376905.911
 70.7, 4432346.298, 3091050.072, 3376905.911
 70.8, 4432346.298, 3091050.072, 3376905.911
 70.9, 4432346.298, 3091050.072, 3376905.911
 71.0, 4432346.298, 3091050.072, 3376905.911
 71.1, 4432346.298, 3091050.072, 3376905.911
 71.2, 4432346.298, 3091050.072, 3376905.911
 71.3, 4432346.298, 3091050.072, 3376905.911
 71.4, 4432346.298, 3091050.072, 3376905.911
 71.5, 4432346.298, 3091050.072, 3376905.911
 71.6, 4432346.298, 3091050.072, 3376905.911
 71.7, 4432346.298, 3091050.072, 3376905.911
 71.8, 4432346.298, 3091050.072, 3376905.911
 71.9, 4432346.298, 3091050.072, 3376905.911
 72.0, 4432346.298, 3091050.072, 3376905.911
 72.1, 4432346.298, 3091050.072, 3376905.911
 72.2, 4432346.298, 3091050.072, 3376905.911
 72.3, 4432346.298, 3091050.072, 3376905.911
 72.4, 4432346.298, 3091050.072, 3376905.911
 72.5, 4432346.298, 3091050.072, 3376905.911
 72.6, 4432346.298, 3091050.072, 3376905.911
 72.7, 4432346.298, 3091050.072, 3376905.911
 72.8, 4432346.298, 3091050.072, 3376905.911
 72.9, 4432346.298, 3091050.072, 3376905.911
 73.0, 4432346.298, 3091050.072, 3376905.911
 73.1, 4432346.298, 3091050.072, 3376905.911
 73.2, 4432346.298, 3091050.072, 3376905.911
 73.3, 4432346.298, 3091050.072, 3376905.911
 73.4, 4432346.298, 3091050.072, 3376905.911
 73.5, 4432346.298, 3091050.072, 3376905.911
 73.6, 4432346.298, 3091050.072, 3376905.911
 73.7, 4432346.298, 3091050.072, 3376905.911
 73.8, 4432346.298, 3091050.072, 3376905.911
 73.9, 4432346.298, 3091050.072, 3376905.911
 74.0, 4432346.298, 3091050.072, 3376905.911
 74.1, 4432346.298, 3091050.072, 3376905.911
 74.2, 4432346.298, 3091050.072, 3376905.911
 74.3, 4432346.298, 3091050.072, 3376905.911
 74.4, 4432346.298, 3091050.072, 3376905.911
 74.5, 4432346.298, 3091050.072, 3376905.911
 74.6, 4432346.298, 3091050.072, 3376905.911
 74.7, 4432346.298, 3091050.072, 3376905.911
 74.8, 4432346.298, 3091050.072, 3376905.911
 74.9, 4432346.298, 3091050.072, 3376905.911
 75.0, 4432346.298, 3091050.072, 3376905.911
 75.1, 4432346.298, 3091050.072, 3376905.911
 75.2, 4432346.298, 3091050.072, 3376905.911
 75.3, 4432346.298, 3091050.072, 3376905.911
 75.4, 4432346.298, 3091050.072, 3376905.911
 75.5, 4432346.298, 3091050.072, 3376905.911
 75.6, 4432346.298, 3091050.072, 3376905.911
 75.7, 4432346.298, 3091050.072, 3376905.911
 75.8, 4432346.298, 3091050.072, 3376905.911
 75.9, 4432346.298, 3091050.072, 3376905.911
 76.0, 4432346.298, 3091050.072, 3376905.911
 76.1, 4432346.298, 3091050.072, 3376905.911
 76.2, 4432346.298, 3091050.072, 3376905.911
 76.3, 4432346.298, 3091050.072, 3376905.911
 76.4, 4432346.298, 3091050.072, 3376905.911
 76.5, 4432346.298, 3091050.072, 3376905.911
 76.6, 4432346.298, 3091050.072, 3376905.911
 76.7, 4432346.298, 3091050.072, 3376905.911
 76.8, 4432346.298, 3091050.072, 3376905.911
 76.9, 4432346.298, 3091050.072, 3376905.911
 77.0, 4432346.298, 3091050.072, 3376905.911
 77.1, 4432346.298, 3091050.072, 3376905.911
 77.2, 4432346.298, 3091050.072, 3376905.911
 77.3, 4432346.298, 3091050.072, 3376905.911
 77.4, 4432346.298, 3091050.072, 3376905.911
 77.5, 4432346.298, 3091050.072, 3376905.911
 77.6, 4432346.298, 3091050.072, 3376905.911
 77.7, 4432346.298, 3091050.072, 3376905.911
 77.8, 4432346.298, 3091050.072, 3376905.911
 77.9, 4432346.298, 3091050.072, 3376905.911
 78.0, 4432346.298, 3091050.072, 3376905.911
 78.1, 4432346.298, 3091050.072, 3376905.911
 78.2, 4432346.298, 3091050.072, 3376905.911
 78.3, 4432346.298, 3091050.072, 3376905.911
 78.4, 4432346.298, 3091050.072, 3376905.911
 78.5, 4432346.298, 3091050.072, 3376905.911
 78.6, 4432346.298, 3091050.072, 3376905.911
 78.7, 4432346.298, 3091050.072, 3376905.911
 78.8, 4432346.298, 3091050.072, 3376905.911
 78.9, 4432346.298, 3091050.072, 3376905.911
 79.0, 4432346.298, 3091050.072, 3376905.911
 79.1, 4432346.298, 3091050.072, 3376905.911
 79.2, 4432346.298, 3091050.072, 3376905.911
 79.3, 4432346.298, 3091050.072, 3376905.911
 79.4, 4432346.298, 3091050.072, 3376905.911
 79.5, 4432346.298, 3091050.072, 3376905.911
 79.6, 4432346.298, 3091050.072, 3376905.911
 79.7, 4432346.298, 3091050.072, 3376905.911
 79.8, 4432346.298, 3091050.072, 3376905.911
 79.9, 4432346.298, 3091050.072, 3376905.911
 80.0, 4432346.257, 3091050.090, 3376905.948
 80.1, 4432346.176, 3091050.124, 3376906.022
 80.2, 4432346.041, 3091050.182, 3376906.146
 80.3, 4432345.838, 3091050.269, 3376906.332
 80.4, 4432345.553, 3091050.390, 3376906.593
 80.5, 4432345.174, 3091050.552, 3376906.940
 80.6, 4432344.691, 3091050.758, 3376907.383
 80.7, 4432344.104, 3091051.008, 3376907.920
 80.8, 4432343.414, 3091051.303, 3376908.552
 80.9, 4432342.621, 3091051.641, 3376909.278
 81.0, 4432341.724, 3091052.024, 3376910.100
 81.1, 4432340.723, 3091052.451, 3376911.016
 81.2, 4432339.619, 3091052.922, 3376912.027
 81.3, 4432338.412, 3091053.437, 3376913.133
 81.4, 4432337.101, 3091053.996, 3376914.334
 81.5, 4432335.686, 3091054.600, 3376915.630
 81.6, 4432334.168, 3091055.247, 3376917.020
 81.7, 4432332.549, 3091055.938, 3376918.503
 81.8, 4432330.841, 3091056.667, 3376920.067
 81.9, 4432329.057, 3091057.428, 3376921.700
 82.0, 4432327.212, 3091058.215, 3376923.390
 82.1, 4432325.319, 3091059.023, 3376925.124
 82.2, 4432323.392, 3091059.845, 3376926.889
 82.3, 4432321.445, 3091060.675, 3376928.672
 82.4, 4432319.491, 3091061.509, 3376930.461
 82.5, 4432317.537, 3091062.343, 3376932.251
 82.6, 4432315.583, 3091063.176, 3376934.040
 82.7, 4432313.629, 3091064.010, 3376935.830
 82.8, 4432311.675, 3091064.844, 3376937.619
 82.9, 4432309.721, 3091065.677, 3376939.409
 83.0, 4432307.767, 3091066.511, 3376941.199
 83.1, 4432305.813, 3091067.345, 3376942.988
 83.2, 4432303.859, 3091068.178, 3376944.778
 83.3, 4432301.905, 3091069.012, 3376946.567
 83.4, 4432299.951, 3091069.846, 3376948.357
 83.5, 4432297.997, 3091070.680, 3376950.146
 83.6, 4432296.043, 3091071.513, 3376951.936
 83.7, 4432294.089, 3091072.347, 3376953.725
 83.8, 4432292.135, 3091073.181, 3376955.515
 83.9, 4432290.181, 3091074.014, 3376957.305
 84.0, 4432288.226, 3091074.848, 3376959.094
 84.1, 4432286.272, 3091075.682, 3376960.883
 84.2, 4432284.318, 3091076.516, 3376962.673
 84.3, 4432282.364, 3091077.350, 3376964.462
 84.4, 4432280.410, 3091078.184, 3376966.252
 84.5, 4432278.456, 3091079.018, 3376968.041
 84.6, 4432276.502, 3091079.853, 3376969.830
 84.7, 4432274.547, 3091080.687, 3376971.619
 84.8, 4432272.593, 3091081.522, 3376973.407
 84.9, 4432270.639, 3091082.358, 3376975.196
 85.0, 4432268.684, 3091083.194, 3376976.984
 85.1, 4432266.729, 3091084.031, 3376978.771
 85.2, 4432264.775, 3091084.868, 3376980.558
 85.3, 4432262.820, 3091085.707, 3376982.344
 85.4, 4432260.864, 3091086.548, 3376984.129
 85.5, 4432258.908, 3091087.391, 3376985.912
 85.6, 4432256.952, 3091088.237, 3376987.693
 85.7, 4432254.995, 3091089.087, 3376989.472
 85.8, 4432253.037, 3091089.943, 3376991.247
 85.9, 4432251.078, 3091090.805, 3376993.017
 86.0, 4432249.117, 3091091.676, 3376994.781
 86.1, 4432247.154, 3091092.560, 3376996.537
 86.2, 4432245.188, 3091093.460, 3376998.281
 86.3, 4432243.220, 3091094.381, 3377000.011
 86.4, 4432241.247, 3091095.330, 3377001.720
 86.5, 4432239.268, 3091096.315, 3377003.403
 86.6, 4432237.286, 3091097.339, 3377005.057
 86.7, 4432235.300, 3091098.392, 3377006.689
 86.8, 4432233.311, 3091099.468, 3377008.303
 86.9, 4432231.321, 3091100.560, 3377009.904
 87.0, 4432229.330, 3091101.665, 3377011.495
 87.1, 4432227.339, 3091102.779, 3377013.078
 87.2, 4432225.346, 3091103.901, 3377014.656
 87.3, 4432223.354, 3091105.028, 3377016.229
 87.4, 4432221.361, 3091106.159, 3377017.799
 87.5, 4432219.368, 3091107.293, 3377019.366
 87.6, 4432217.374, 3091108.429, 3377020.932
 87.7, 4432215.381, 3091109.567, 3377022.496
 87.8, 4432213.387, 3091110.707, 3377024.059
 87.9, 4432211.393, 3091111.847, 3377025.621
 88.0, 4432209.400, 3091112.988, 3377027.183
 88.1, 4432207.406, 3091114.130, 3377028.744
 88.2, 4432205.412, 3091115.272, 3377030.305
 88.3, 4432203.418, 3091116.414, 3377031.866
 88.4, 4432201.424, 3091117.556, 3377033.427
 88.5, 4432199.431, 3091118.698, 3377034.988
 88.6, 4432197.437, 3091119.840, 3377036.549
 88.7, 4432195.443, 3091120.982, 3377038.110
 88.8, 4432193.449, 3091122.124, 3377039.671
 88.9, 4432191.455, 3091123.264, 3377041.233
 89.0, 4432189.462, 3091124.404, 3377042.796
 89.1, 4432187.468, 3091125.543, 3377044.359
 89.2, 4432185.475, 3091126.680, 3377045.924
 89.3, 4432183.481, 3091127.815, 3377047.491
 89.4, 4432181.488, 3091128.948, 3377049.059
 89.5, 4432179.495, 3091130.077, 3377050.631
 89.6, 4432177.503, 3091131.201, 3377052.206
 89.7, 4432175.511, 3091132.319, 3377053.787
 89.8, 4432173.520, 3091133.429, 3377055.374
 89.9, 4432171.529, 3091134.527, 3377056.970
 90.0, 4432169.540, 3091135.611, 3377058.577
 90.1, 4432167.552, 3091136.680, 3377060.197
 90.2, 4432165.566, 3091137.736, 3377061.826
 90.3, 4432163.580, 3091138.784, 3377063.462
 90.4, 4432161.596, 3091139.824, 3377065.104
 90.5, 4432159.612, 3091140.859, 3377066.750
 90.6, 4432157.628, 3091141.890, 3377068.398
 90.7, 4432155.644, 3091142.918, 3377070.049
 90.8, 4432153.661, 3091143.943, 3377071.702
 90.9, 4432151.679, 3091144.967, 3377073.356
 91.0, 4432149.696, 3091145.990, 3377075.011
 91.1, 4432147.713, 3091147.011, 3377076.667
 91.2, 4432145.731, 3091148.031, 3377078.324
 91.3, 4432143.748, 3091149.051, 3377079.981
 91.4, 4432141.766, 3091150.070, 3377081.639
 91.5, 4432139.784, 3091151.088, 3377083.297
 91.6, 4432137.802, 3091152.106, 3377084.955
 91.7, 4432135.820, 3091153.123, 3377086.615
 91.8, 4432133.838, 3091154.139, 3377088.275
 91.9, 4432131.856, 3091155.154, 3377089.935
 92.0, 4432129.874, 3091156.168, 3377091.597
 92.1, 4432127.893, 3091157.179, 3377093.260
 92.2, 4432125.912, 3091158.189, 3377094.925
 92.3, 4432123.931, 3091159.195, 3377096.593
 92.4, 4432121.950, 3091160.198, 3377098.263
 92.5, 4432119.971, 3091161.195, 3377099.937
 92.6, 4432117.992, 3091162.185, 3377101.616
 92.7, 4432116.015, 3091163.165, 3377103.303
 92.8, 4432114.038, 3091164.138, 3377104.995
 92.9, 4432112.063, 3091165.103, 3377106.692
 93.0, 4432110.088, 3091166.064, 3377108.393
 93.1, 4432108.114, 3091167.021, 3377110.097
 93.2, 4432106.140, 3091167.975, 3377111.802
 93.3, 4432104.166, 3091168.927, 3377113.510
 93.4, 4432102.193, 3091169.878, 3377115.218
 93.5, 4432100.220, 3091170.827, 3377116.927
 93.6, 4432098.246, 3091171.775, 3377118.637
 93.7, 4432096.274, 3091172.723, 3377120.348
 93.8, 4432094.301, 3091173.670, 3377122.058
 93.9, 4432092.328, 3091174.616, 3377123.770
 94.0, 4432090.355, 3091175.563, 3377125.481
 94.1, 4432088.382, 3091176.509, 3377127.192
 94.2, 4432086.410, 3091177.455, 3377128.904
 94.3, 4432084.437, 3091178.401, 3377130.616
 94.4, 4432082.464, 3091179.346, 3377132.327
 94.5, 4432080.492, 3091180.292, 3377134.039
 94.6, 4432078.519, 3091181.238, 3377135.751
 94.7, 4432076.546, 3091182.184, 3377137.462
 94.8, 4432074.573, 3091183.130, 3377139.174
 94.9, 4432072.601, 3091184.075, 3377140.886
 95.0, 4432070.628, 3091185.022, 3377142.597
 95.1, 4432068.655, 3091185.968, 3377144.308
 95.2, 4432066.682, 3091186.915, 3377146.019
 95.3, 4432064.709, 3091187.862, 3377147.730
 95.4, 4432062.736, 3091188.810, 3377149.440
 95.5, 4432060.763, 3091189.758, 3377151.150
 95.6, 4432058.790, 3091190.708, 3377152.859
 95.7, 4432056.817, 3091191.658, 3377154.567
 95.8, 4432054.843, 3091192.611, 3377156.274
 95.9, 4432052.869, 3091193.566, 3377157.979
 96.0, 4432050.894, 3091194.524, 3377159.682
 96.1, 4432048.919, 3091195.486, 3377161.381
 96.2, 4432046.944, 3091196.454, 3377163.077
 96.3, 4432044.967, 3091197.429, 3377164.768
 96.4, 4432042.989, 3091198.413, 3377166.451
 96.5, 4432041.014, 3091199.408, 3377168.121
 96.6, 4432039.056, 3091200.410, 3377169.763
 96.7, 4432037.127, 3091201.416, 3377171.362
 96.8, 4432035.242, 3091202.425, 3377172.902
 96.9, 4432033.413, 3091203.435, 3377174.368
 97.0, 4432031.648, 3091204.448, 3377175.747
 97.1, 4432029.935, 3091205.477, 3377177.045
 97.2, 4432028.261, 3091206.541, 3377178.261
 97.3, 4432026.613, 3091207.658, 3377179.393
 97.4, 4432024.983, 3091208.852, 3377180.432
 97.5, 4432023.364, 3091210.138, 3377181.372
 97.6, 4432021.760, 3091211.498, 3377182.228
 97.7, 4432020.168, 3091212.914, 3377183.016
 97.8, 4432018.589, 3091214.372, 3377183.749
 97.9, 4432017.020, 3091215.862, 3377184.439
 98.0, 4432015.461, 3091217.378, 3377185.093
 98.1, 4432013.910, 3091218.914, 3377185.718
 98.2, 4432012.365, 3091220.467, 3377186.319
 98.3, 4432010.827, 3091222.034, 3377186.899
 98.4, 4432009.295, 3091223.614, 3377187.461
 98.5, 4432007.768, 3091225.205, 3377188.005
 98.6, 4432006.247, 3091226.807, 3377188.531
 98.7, 4432004.732, 3091228.420, 3377189.040
 98.8, 4432003.223, 3091230.045, 3377189.529
 98.9, 4432001.722, 3091231.685, 3377189.995
 99.0, 4432000.230, 3091233.340, 3377190.434
 99.1, 4431998.751, 3091235.014, 3377190.841
 99.2, 4431997.287, 3091236.711, 3377191.206
 99.3, 4431995.843, 3091238.436, 3377191.521
 99.4, 4431994.426, 3091240.193, 3377191.770
 99.5, 4431993.046, 3091241.988, 3377191.936
 99.6, 4431991.717, 3091243.828, 3377191.996
 99.7, 4431990.442, 3091245.714, 3377191.943
 99.8, 4431989.203, 3091247.651, 3377191.797
 99.9, 4431987.984, 3091249.646, 3377191.573
100.0, 4431986.767, 3091251.710, 3377191.283
100.1, 4431985.538, 3091253.857, 3377190.933
100.2, 4431984.289, 3091256.091, 3377190.529
100.3, 4431983.025, 3091258.395, 3377190.081
100.4, 4431981.752, 3091260.753, 3377189.598
100.5, 4431980.475, 3091263.144, 3377189.088
100.6, 4431979.200, 3091265.553, 3377188.560
100.7, 4431977.932, 3091267.965, 3377188.020
100.8, 4431976.670, 3091270.378, 3377187.471
100.9, 4431975.412, 3091272.792, 3377186.916
101.0, 4431974.158, 3091275.206, 3377186.356
101.1, 4431972.906, 3091277.621, 3377185.792
101.2, 4431971.656, 3091280.036, 3377185.226
101.3, 4431970.407, 3091282.452, 3377184.657
101.4, 4431969.160, 3091284.867, 3377184.087
101.5, 4431967.914, 3091287.283, 3377183.515
101.6, 4431966.668, 3091289.699, 3377182.943
101.7, 4431965.422, 3091292.115, 3377182.369
101.8, 4431964.177, 3091294.531, 3377181.796
101.9, 4431962.932, 3091296.947, 3377181.222
102.0, 4431961.688, 3091299.363, 3377180.647
102.1, 4431960.443, 3091301.779, 3377180.073
102.2, 4431959.199, 3091304.195, 3377179.498
102.3, 4431957.955, 3091306.612, 3377178.923
102.4, 4431956.710, 3091309.028, 3377178.348
102.5, 4431955.466, 3091311.444, 3377177.773
102.6, 4431954.222, 3091313.860, 3377177.198
102.7, 4431952.978, 3091316.276, 3377176.622
102.8, 4431951.734, 3091318.693, 3377176.047
102.9, 4431950.490, 3091321.109, 3377175.472
103.0, 4431949.246, 3091323.525, 3377174.897
103.1, 4431948.002, 3091325.941, 3377174.321
103.2, 4431946.758, 3091328.357, 3377173.746
103.3, 4431945.514, 3091330.774, 3377173.171
103.4, 4431944.270, 3091333.190, 3377172.596
103.5, 4431943.026, 3091335.606, 3377172.020
103.6, 4431941.782, 3091338.022, 3377171.445
103.7, 4431940.538, 3091340.439, 3377170.870
103.8, 4431939.294, 3091342.855, 3377170.294
103.9, 4431938.050, 3091345.271, 3377169.719
104.0, 4431936.806, 3091347.687, 3377169.144
104.1, 4431935.562, 3091350.103, 3377168.568
104.2, 4431934.318, 3091352.520, 3377167.993
104.3, 4431933.074, 3091354.936, 3377167.418
104.4, 4431931.830, 3091357.352, 3377166.842
104.5, 4431930.586, 3091359.768, 3377166.267
104.6, 4431929.342, 3091362.184, 3377165.692
104.7, 4431928.098, 3091364.601, 3377165.116
104.8, 4431926.854, 3091367.017, 3377164.541
104.9, 4431925.610, 3091369.433, 3377163.966
105.0, 4431924.366, 3091371.849, 3377163.390
105.1, 4431923.122, 3091374.266, 3377162.815
105.2, 4431921.878, 3091376.682, 3377162.240
105.3, 4431920.634, 3091379.098, 3377161.664
105.4, 4431919.390, 3091381.514, 3377161.089
105.5, 4431918.146, 3091383.930, 3377160.514
105.6, 4431916.902, 3091386.347, 3377159.938
105.7, 4431915.658, 3091388.763, 3377159.363
105.8, 4431914.414, 3091391.179, 3377158.788
105.9, 4431913.170, 3091393.595, 3377158.212
106.0, 4431911.926, 3091396.011, 3377157.637
106.1, 4431910.682, 3091398.428, 3377157.062
106.2, 4431909.438, 3091400.844, 3377156.486
106.3, 4431908.194, 3091403.260, 3377155.911
106.4, 4431906.950, 3091405.676, 3377155.336
106.5, 4431905.706, 3091408.092, 3377154.760
106.6, 4431904.462, 3091410.509, 3377154.185
106.7, 4431903.218, 3091412.925, 3377153.610
106.8, 4431901.974, 3091415.341, 3377153.034
106.9, 4431900.730, 3091417.757, 3377152.459
107.0, 4431899.486, 3091420.173, 3377151.884
107.1, 4431898.242, 3091422.590, 3377151.308
107.2, 4431896.998, 3091425.006, 3377150.733
107.3, 4431895.754, 3091427.422, 3377150.158
107.4, 4431894.510, 3091429.838, 3377149.582
107.5, 4431893.266, 3091432.254, 3377149.007
107.6, 4431892.022, 3091434.671, 3377148.431
107.7, 4431890.778, 3091437.087, 3377147.856
107.8, 4431889.534, 3091439.503, 3377147.281
107.9, 4431888.290, 3091441.919, 3377146.705
108.0, 4431887.046, 3091444.335, 3377146.130
108.1, 4431885.802, 3091446.752, 3377145.554
108.2, 4431884.558, 3091449.168, 3377144.979
108.3, 4431883.314, 3091451.584, 3377144.403
108.4, 4431882.070, 3091454.000, 3377143.828
108.5, 4431880.827, 3091456.416, 3377143.252
108.6, 4431879.583, 3091458.833, 3377142.676
108.7, 4431878.339, 3091461.249, 3377142.100
108.8, 4431877.096, 3091463.665, 3377141.524
108.9, 4431875.853, 3091466.082, 3377140.947
109.0, 4431874.610, 3091468.498, 3377140.370
109.1, 4431873.367, 3091470.914, 3377139.793
109.2, 4431872.125, 3091473.331, 3377139.215
109.3, 4431870.883, 3091475.747, 3377138.636
109.4, 4431869.643, 3091478.164, 3377138.056
109.5, 4431868.403, 3091480.581, 3377137.474
109.6, 4431867.164, 3091482.998, 3377136.891
109.7, 4431865.928, 3091485.416, 3377136.304
109.8, 4431864.694, 3091487.833, 3377135.715
109.9, 4431863.463, 3091490.252, 3377135.120
110.0, 4431862.236, 3091492.671, 3377134.520
110.1, 4431861.015, 3091495.090, 3377133.911
110.2, 4431859.801, 3091497.511, 3377133.292
110.3, 4431858.598, 3091499.933, 3377132.659
110.4, 4431857.406, 3091502.357, 3377132.008
110.5, 4431856.225, 3091504.781, 3377131.343
110.6, 4431855.053, 3091507.207, 3377130.666
110.7, 4431853.886, 3091509.633, 3377129.981
110.8, 4431852.724, 3091512.060, 3377129.289
110.9, 4431851.565, 3091514.486, 3377128.592
111.0, 4431850.410, 3091516.913, 3377127.892
111.1, 4431849.256, 3091519.341, 3377127.189
111.2, 4431848.104, 3091521.768, 3377126.484
111.3, 4431846.952, 3091524.195, 3377125.777
111.4, 4431845.802, 3091526.623, 3377125.069
111.5, 4431844.653, 3091529.050, 3377124.361
111.6, 4431843.504, 3091531.478, 3377123.651
111.7, 4431842.355, 3091533.905, 3377122.941
111.8, 4431841.206, 3091536.333, 3377122.231
111.9, 4431840.058, 3091538.760, 3377121.520
112.0, 4431838.910, 3091541.188, 3377120.809
112.1, 4431837.762, 3091543.616, 3377120.098
112.2, 4431836.614, 3091546.043, 3377119.387
112.3, 4431835.467, 3091548.471, 3377118.675
112.4, 4431834.319, 3091550.898, 3377117.964
112.5, 4431833.171, 3091553.326, 3377117.252
112.6, 4431832.024, 3091555.754, 3377116.541
112.7, 4431830.876, 3091558.181, 3377115.829
112.8, 4431829.729, 3091560.609, 3377115.118
112.9, 4431828.581, 3091563.036, 3377114.406
113.0, 4431827.433, 3091565.464, 3377113.695
113.1, 4431826.286, 3091567.892, 3377112.983
113.2, 4431825.138, 3091570.319, 3377112.271
113.3, 4431823.991, 3091572.747, 3377111.560
113.4, 4431822.843, 3091575.175, 3377110.848
113.5, 4431821.696, 3091577.602, 3377110.137
113.6, 4431820.548, 3091580.030, 3377109.425
113.7, 4431819.401, 3091582.457, 3377108.713
113.8, 4431818.253, 3091584.885, 3377108.002
113.9, 4431817.105, 3091587.313, 3377107.290
114.0, 4431815.958, 3091589.740, 3377106.579
114.1, 4431814.810, 3091592.168, 3377105.867
114.2, 4431813.662, 3091594.595, 3377105.156
114.3, 4431812.515, 3091597.023, 3377104.444
114.4, 4431811.367, 3091599.451, 3377103.733
114.5, 4431810.219, 3091601.878, 3377103.022
114.6, 4431809.071, 3091604.306, 3377102.311
114.7, 4431807.923, 3091606.733, 3377101.600
114.8, 4431806.775, 3091609.161, 3377100.889
114.9, 4431805.626, 3091611.588, 3377100.179
115.0, 4431804.478, 3091614.016, 3377099.469
115.1, 4431803.328, 3091616.444, 3377098.759
115.2, 4431802.179, 3091618.871, 3377098.051
115.3, 4431801.028, 3091621.298, 3377097.343
115.4, 4431799.877, 3091623.726, 3377096.636
115.5, 4431798.725, 3091626.153, 3377095.931
115.6, 4431797.570, 3091628.580, 3377095.229
115.7, 4431796.415, 3091631.007, 3377094.528
115.8, 4431795.257, 3091633.434, 3377093.830
115.9, 4431794.099, 3091635.861, 3377093.134
116.0, 4431792.939, 3091638.287, 3377092.438
116.1, 4431791.779, 3091640.714, 3377091.744
116.2, 4431790.619, 3091643.141, 3377091.050
116.3, 4431789.458, 3091645.567, 3377090.356
116.4, 4431788.297, 3091647.994, 3377089.663
116.5, 4431787.136, 3091650.420, 3377088.970
116.6, 4431785.974, 3091652.847, 3377088.278
116.7, 4431784.813, 3091655.273, 3377087.585
116.8, 4431783.651, 3091657.700, 3377086.893
116.9, 4431782.489, 3091660.126, 3377086.201
117.0, 4431781.327, 3091662.553, 3377085.509
117.1, 4431780.165, 3091664.979, 3377084.817
117.2, 4431779.004, 3091667.406, 3377084.125
117.3, 4431777.842, 3091669.832, 3377083.433
117.4, 4431776.680, 3091672.259, 3377082.741
117.5, 4431775.518, 3091674.685, 3377082.049
117.6, 4431774.356, 3091677.112, 3377081.357
117.7, 4431773.194, 3091679.538, 3377080.666
117.8, 4431772.032, 3091681.965, 3377079.974
117.9, 4431770.870, 3091684.391, 3377079.282
118.0, 4431769.708, 3091686.817, 3377078.590
118.1, 4431768.545, 3091689.244, 3377077.899
118.2, 4431767.383, 3091691.670, 3377077.207
118.3, 4431766.221, 3091694.097, 3377076.516
118.4, 4431765.058, 3091696.523, 3377075.825
118.5, 4431763.896, 3091698.950, 3377075.134
118.6, 4431762.733, 3091701.376, 3377074.443
118.7, 4431761.570, 3091703.802, 3377073.753
118.8, 4431760.406, 3091706.229, 3377073.063
118.9, 4431759.242, 3091708.655, 3377072.374
119.0, 4431758.078, 3091711.081, 3377071.685
119.1, 4431756.912, 3091713.507, 3377070.998
119.2, 4431755.746, 3091715.933, 3377070.312
119.3, 4431754.578, 3091718.359, 3377069.629
119.4, 4431753.408, 3091720.785, 3377068.948
119.5, 4431752.236, 3091723.211, 3377068.270
119.6, 4431751.060, 3091725.636, 3377067.597
119.7, 4431749.880, 3091728.061, 3377066.931
119.8, 4431748.694, 3091730.485, 3377066.272
119.9, 4431747.502, 3091732.908, 3377065.622
120.0, 4431746.305, 3091735.331, 3377064.980
120.1, 4431745.103, 3091737.753, 3377064.343
120.2, 4431743.899, 3091740.175, 3377063.710
120.3, 4431742.693, 3091742.597, 3377063.080
120.4, 4431741.485, 3091745.019, 3377062.453
120.5, 4431740.275, 3091747.440, 3377061.827
120.6, 4431739.065, 3091749.861, 3377061.203
120.7, 4431737.854, 3091752.282, 3377060.580
120.8, 4431736.643, 3091754.703, 3377059.957
120.9, 4431735.431, 3091757.124, 3377059.336
121.0, 4431734.219, 3091759.545, 3377058.714
121.1, 4431733.006, 3091761.966, 3377058.093
121.2, 4431731.793, 3091764.387, 3377057.472
121.3, 4431730.581, 3091766.808, 3377056.852
121.4, 4431729.368, 3091769.229, 3377056.231
121.5, 4431728.155, 3091771.650, 3377055.611
121.6, 4431726.942, 3091774.070, 3377054.990
121.7, 4431725.729, 3091776.491, 3377054.370
121.8, 4431724.516, 3091778.912, 3377053.750
121.9, 4431723.303, 3091781.333, 3377053.130
122.0, 4431722.089, 3091783.754, 3377052.510
122.1, 4431720.876, 3091786.174, 3377051.890
122.2, 4431719.663, 3091788.595, 3377051.269
122.3, 4431718.450, 3091791.016, 3377050.649
122.4, 4431717.237, 3091793.437, 3377050.029
122.5, 4431716.024, 3091795.858, 3377049.409
122.6, 4431714.811, 3091798.279, 3377048.789
122.7, 4431713.598, 3091800.699, 3377048.169
122.8, 4431712.384, 3091803.120, 3377047.548
122.9, 4431711.171, 3091805.541, 3377046.928
123.0, 4431709.959, 3091807.962, 3377046.308
123.1, 4431708.746, 3091810.383, 3377045.687
123.2, 4431707.533, 3091812.804, 3377045.066
123.3, 4431706.320, 3091815.224, 3377044.445
123.4, 4431705.108, 3091817.645, 3377043.824
123.5, 4431703.896, 3091820.066, 3377043.203
123.6, 4431702.684, 3091822.487, 3377042.581
123.7, 4431701.473, 3091824.908, 3377041.958
123.8, 4431700.262, 3091827.329, 3377041.334
123.9, 4431699.052, 3091829.751, 3377040.710
124.0, 4431697.843, 3091832.172, 3377040.083
124.1, 4431696.636, 3091834.594, 3377039.455
124.2, 4431695.430, 3091837.015, 3377038.824
124.3, 4431694.227, 3091839.437, 3377038.190
124.4, 4431693.027, 3091841.860, 3377037.551
124.5, 4431691.834, 3091844.278, 3377036.907
124.6, 4431690.657, 3091846.676, 3377036.260
124.7, 4431689.506, 3091849.037, 3377035.614
124.8, 4431688.392, 3091851.343, 3377034.968
124.9, 4431687.325, 3091853.579, 3377034.326
125.0, 4431686.315, 3091855.727, 3377033.689
125.1, 4431685.374, 3091857.768, 3377033.058
125.2, 4431684.512, 3091859.688, 3377032.437
125.3, 4431683.733, 3091861.480, 3377031.823
125.4, 4431683.039, 3091863.141, 3377031.216
125.5, 4431682.432, 3091864.672, 3377030.616
125.6, 4431681.911, 3091866.074, 3377030.020
125.7, 4431681.473, 3091867.358, 3377029.423
125.8, 4431681.112, 3091868.539, 3377028.819
125.9, 4431680.826, 3091869.631, 3377028.200
126.0, 4431680.615, 3091870.643, 3377027.554
126.1, 4431680.483, 3091871.583, 3377026.870
126.2, 4431680.438, 3091872.455, 3377026.136
126.3, 4431680.491, 3091873.257, 3377025.339
126.4, 4431680.641, 3091873.990, 3377024.477
126.5, 4431680.878, 3091874.668, 3377023.551
126.6, 4431681.195, 3091875.305, 3377022.558
126.7, 4431681.590, 3091875.913, 3377021.490
126.8, 4431682.065, 3091876.501, 3377020.336
126.9, 4431682.624, 3091877.078, 3377019.083
127.0, 4431683.272, 3091877.651, 3377017.718
127.1, 4431684.014, 3091878.224, 3377016.229
127.2, 4431684.852, 3091878.799, 3377014.614
127.3, 4431685.782, 3091879.376, 3377012.876
127.4, 4431686.805, 3091879.957, 3377011.015
127.5, 4431687.913, 3091880.543, 3377009.038
127.6, 4431689.095, 3091881.133, 3377006.960
127.7, 4431690.341, 3091881.724, 3377004.799
127.8, 4431691.637, 3091882.315, 3377002.571
127.9, 4431692.973, 3091882.907, 3377000.291
128.0, 4431694.337, 3091883.496, 3376997.978
128.1, 4431695.717, 3091884.082, 3376995.645
128.2, 4431697.104, 3091884.663, 3376993.310
128.3, 4431698.494, 3091885.239, 3376990.974
128.4, 4431699.885, 3091885.811, 3376988.640
128.5, 4431701.279, 3091886.381, 3376986.305
128.6, 4431702.674, 3091886.948, 3376983.971
128.7, 4431704.070, 3091887.514, 3376981.637
128.8, 4431705.466, 3091888.078, 3376979.303
128.9, 4431706.864, 3091888.641, 3376976.969
129.0, 4431708.262, 3091889.203, 3376974.636
129.1, 4431709.660, 3091889.765, 3376972.302
129.2, 4431711.059, 3091890.325, 3376969.969
129.3, 4431712.459, 3091890.885, 3376967.636
129.4, 4431713.859, 3091891.443, 3376965.303
129.5, 4431715.260, 3091892.001, 3376962.970
129.6, 4431716.662, 3091892.556, 3376960.637
129.7, 4431718.065, 3091893.110, 3376958.304
129.8, 4431719.470, 3091893.661, 3376955.972
129.9, 4431720.877, 3091894.208, 3376953.640
130.0, 4431722.286, 3091894.751, 3376951.309
130.1, 4431723.699, 3091895.288, 3376948.979
130.2, 4431725.118, 3091895.816, 3376946.649
130.3, 4431726.542, 3091896.334, 3376944.322
130.4, 4431727.974, 3091896.838, 3376941.996
130.5, 4431729.418, 3091897.324, 3376939.673
130.6, 4431730.876, 3091897.785, 3376937.353
130.7, 4431732.352, 3091898.213, 3376935.040
130.8, 4431733.853, 3091898.597, 3376932.734
130.9, 4431735.384, 3091898.924, 3376930.440
131.0, 4431736.944, 3091899.198, 3376928.158
131.1, 4431738.524, 3091899.431, 3376925.885
131.2, 4431740.121, 3091899.632, 3376923.621
131.3, 4431741.729, 3091899.810, 3376921.363
131.4, 4431743.345, 3091899.971, 3376919.110
131.5, 4431744.968, 3091900.118, 3376916.861
131.6, 4431746.596, 3091900.254, 3376914.614
131.7, 4431748.228, 3091900.384, 3376912.370
131.8, 4431749.862, 3091900.507, 3376910.127
131.9, 4431751.499, 3091900.626, 3376907.885
132.0, 4431753.137, 3091900.742, 3376905.645
132.1, 4431754.776, 3091900.855, 3376903.405
132.2, 4431756.416, 3091900.966, 3376901.166
132.3, 4431758.057, 3091901.075, 3376898.927
132.4, 4431759.698, 3091901.184, 3376896.689
132.5, 4431761.340, 3091901.291, 3376894.451
132.6, 4431762.982, 3091901.398, 3376892.213
132.7, 4431764.625, 3091901.503, 3376889.976
132.8, 4431766.268, 3091901.608, 3376887.739
132.9, 4431767.911, 3091901.713, 3376885.502
133.0, 4431769.555, 3091901.816, 3376883.265
133.1, 4431771.200, 3091901.918, 3376881.028
133.2, 4431772.845, 3091902.019, 3376878.792
133.3, 4431774.490, 3091902.118, 3376876.557
133.4, 4431776.137, 3091902.214, 3376874.322
133.5, 4431777.786, 3091902.308, 3376872.088
133.6, 4431779.436, 3091902.398, 3376869.855
133.7, 4431781.088, 3091902.482, 3376867.624
133.8, 4431782.739, 3091902.560, 3376865.402
133.9, 4431784.379, 3091902.627, 3376863.203
134.0, 4431785.997, 3091902.681, 3376861.044
134.1, 4431787.582, 3091902.719, 3376858.943
134.2, 4431789.124, 3091902.737, 3376856.917
134.3, 4431790.613, 3091902.731, 3376854.981
134.4, 4431792.039, 3091902.697, 3376853.154
134.5, 4431793.391, 3091902.632, 3376851.450
134.6, 4431794.666, 3091902.535, 3376849.876
134.7, 4431795.866, 3091902.402, 3376848.433
134.8, 4431796.989, 3091902.233, 3376847.123
134.9, 4431798.038, 3091902.027, 3376845.942
135.0, 4431799.024, 3091901.781, 3376844.880
135.1, 4431799.958, 3091901.493, 3376843.926
135.2, 4431800.850, 3091901.156, 3376843.069
135.3, 4431801.711, 3091900.763, 3376842.304
135.4, 4431802.551, 3091900.302, 3376841.628
135.5, 4431803.377, 3091899.760, 3376841.044
135.6, 4431804.192, 3091899.124, 3376840.560
135.7, 4431805.000, 3091898.394, 3376840.171
135.8, 4431805.807, 3091897.576, 3376839.862
135.9, 4431806.624, 3091896.671, 3376839.621
136.0, 4431807.461, 3091895.671, 3376839.439
136.1, 4431808.328, 3091894.568, 3376839.311
136.2, 4431809.237, 3091893.350, 3376839.235
136.3, 4431810.196, 3091892.004, 3376839.208
136.4, 4431811.213, 3091890.521, 3376839.231
136.5, 4431812.288, 3091888.901, 3376839.303
136.6, 4431813.422, 3091887.145, 3376839.423
136.7, 4431814.614, 3091885.256, 3376839.587
136.8, 4431815.859, 3091883.245, 3376839.792
136.9, 4431817.151, 3091881.129, 3376840.033
137.0, 4431818.479, 3091878.926, 3376840.305
137.1, 4431819.836, 3091876.654, 3376840.602
137.2, 4431821.215, 3091874.330, 3376840.918
137.3, 4431822.606, 3091871.973, 3376841.250
137.4, 4431824.001, 3091869.598, 3376841.591
137.5, 4431825.393, 3091867.220, 3376841.938
137.6, 4431826.784, 3091864.841, 3376842.289
137.7, 4431828.172, 3091862.461, 3376842.644
137.8, 4431829.558, 3091860.081, 3376843.002
137.9, 4431830.943, 3091857.700, 3376843.361
138.0, 4431832.328, 3091855.319, 3376843.721
138.1, 4431833.712, 3091852.938, 3376844.083
138.2, 4431835.096, 3091850.557, 3376844.445
138.3, 4431836.479, 3091848.175, 3376844.807
138.4, 4431837.862, 3091845.794, 3376845.170
138.5, 4431839.245, 3091843.412, 3376845.532
138.6, 4431840.628, 3091841.031, 3376845.895
138.7, 4431842.012, 3091838.650, 3376846.257
138.8, 4431843.396, 3091836.269, 3376846.618
138.9, 4431844.780, 3091833.888, 3376846.979
139.0, 4431846.165, 3091831.507, 3376847.339
139.1, 4431847.550, 3091829.126, 3376847.699
139.2, 4431848.935, 3091826.745, 3376848.059
139.3, 4431850.320, 3091824.364, 3376848.418
139.4, 4431851.705, 3091821.984, 3376848.778
139.5, 4431853.090, 3091819.603, 3376849.138
139.6, 4431854.475, 3091817.222, 3376849.498
139.7, 4431855.859, 3091814.841, 3376849.859
139.8, 4431857.243, 3091812.460, 3376850.220
139.9, 4431858.626, 3091810.078, 3376850.583
140.0, 4431860.009, 3091807.697, 3376850.946
140.1, 4431861.390, 3091805.315, 3376851.312
140.2, 4431862.770, 3091802.932, 3376851.680
140.3, 4431864.147, 3091800.549, 3376852.052
140.4, 4431865.522, 3091798.165, 3376852.428
140.5, 4431866.894, 3091795.779, 3376852.810
140.6, 4431868.260, 3091793.392, 3376853.199
140.7, 4431869.620, 3091791.004, 3376853.598
140.8, 4431870.972, 3091788.612, 3376854.011
140.9, 4431872.312, 3091786.218, 3376854.441
141.0, 4431873.637, 3091783.819, 3376854.895
141.1, 4431874.943, 3091781.416, 3376855.380
141.2, 4431876.222, 3091779.006, 3376855.903
141.3, 4431877.479, 3091776.593, 3376856.459
141.4, 4431878.719, 3091774.176, 3376857.040
141.5, 4431879.945, 3091771.757, 3376857.642
141.6, 4431881.161, 3091769.337, 3376858.259
141.7, 4431882.367, 3091766.915, 3376858.888
141.8, 4431883.567, 3091764.493, 3376859.527
141.9, 4431884.760, 3091762.069, 3376860.176
142.0, 4431885.947, 3091759.646, 3376860.833
142.1, 4431887.125, 3091757.225, 3376861.498
142.2, 4431888.287, 3091754.823, 3376862.168
142.3, 4431889.424, 3091752.456, 3376862.838
142.4, 4431890.525, 3091750.142, 3376863.507
142.5, 4431891.581, 3091747.898, 3376864.171
142.6, 4431892.581, 3091745.741, 3376864.829
142.7, 4431893.516, 3091743.688, 3376865.477
142.8, 4431894.375, 3091741.757, 3376866.114
142.9, 4431895.154, 3091739.953, 3376866.739
143.0, 4431895.850, 3091738.280, 3376867.353
143.1, 4431896.463, 3091736.737, 3376867.958
143.2, 4431896.989, 3091735.326, 3376868.554
143.3, 4431897.432, 3091734.045, 3376869.142
143.4, 4431897.796, 3091732.880, 3376869.727
143.5, 4431898.085, 3091731.818, 3376870.317
143.6, 4431898.301, 3091730.846, 3376870.919
143.7, 4431898.443, 3091729.954, 3376871.545
143.8, 4431898.508, 3091729.136, 3376872.204
143.9, 4431898.485, 3091728.392, 3376872.911
144.0, 4431898.364, 3091727.726, 3376873.674
144.1, 4431898.147, 3091727.136, 3376874.494
144.2, 4431897.844, 3091726.607, 3376875.369
144.3, 4431897.460, 3091726.129, 3376876.305
144.4, 4431896.995, 3091725.691, 3376877.310
144.5, 4431896.444, 3091725.287, 3376878.395
144.6, 4431895.807, 3091724.913, 3376879.566
144.7, 4431895.093, 3091724.572, 3376880.807
144.8, 4431894.315, 3091724.267, 3376882.098
144.9, 4431893.486, 3091723.998, 3376883.424
145.0, 4431892.621, 3091723.763, 3376884.766
145.1, 4431891.731, 3091723.561, 3376886.108
145.2, 4431890.826, 3091723.390, 3376887.445
145.3, 4431889.905, 3091723.249, 3376888.774
145.4, 4431888.970, 3091723.135, 3376890.096
145.5, 4431888.020, 3091723.051, 3376891.410
145.6, 4431887.056, 3091722.999, 3376892.715
145.7, 4431886.081, 3091722.981, 3376894.001
145.8, 4431885.106, 3091723.002, 3376895.253
145.9, 4431884.142, 3091723.067, 3376896.451
146.0, 4431883.200, 3091723.179, 3376897.577
146.1, 4431882.293, 3091723.340, 3376898.613
146.2, 4431881.433, 3091723.550, 3376899.543
146.3, 4431880.618, 3091723.810, 3376900.370
146.4, 4431879.835, 3091724.125, 3376901.103
146.5, 4431879.078, 3091724.505, 3376901.745
146.6, 4431878.338, 3091724.959, 3376902.297
146.7, 4431877.611, 3091725.502, 3376902.751
146.8, 4431876.897, 3091726.139, 3376903.102
146.9, 4431876.191, 3091726.861, 3376903.365
147.0, 4431875.485, 3091727.668, 3376903.552
147.1, 4431874.769, 3091728.563, 3376903.673
147.2, 4431874.032, 3091729.554, 3376903.731
147.3, 4431873.266, 3091730.653, 3376903.731
147.4, 4431872.461, 3091731.872, 3376903.672
147.5, 4431871.608, 3091733.224, 3376903.553
147.6, 4431870.707, 3091734.714, 3376903.373
147.7, 4431869.757, 3091736.339, 3376903.134
147.8, 4431868.758, 3091738.098, 3376902.837
147.9, 4431867.709, 3091739.990, 3376902.484
148.0, 4431866.612, 3091742.008, 3376902.079
148.1, 4431865.474, 3091744.136, 3376901.628
148.2, 4431864.301, 3091746.355, 3376901.137
148.3, 4431863.102, 3091748.648, 3376900.615
148.4, 4431861.883, 3091750.999, 3376900.066
148.5, 4431860.652, 3091753.388, 3376899.498
148.6, 4431859.415, 3091755.800, 3376898.917
148.7, 4431858.181, 3091758.218, 3376898.328
148.8, 4431856.950, 3091760.636, 3376897.733
148.9, 4431855.723, 3091763.055, 3376897.133
149.0, 4431854.500, 3091765.474, 3376896.527
149.1, 4431853.280, 3091767.894, 3376895.917
149.2, 4431852.065, 3091770.314, 3376895.300
149.3, 4431850.854, 3091772.735, 3376894.676
149.4, 4431849.650, 3091775.157, 3376894.043
149.5, 4431848.454, 3091777.580, 3376893.399
149.6, 4431847.266, 3091779.999, 3376892.748
149.7, 4431846.093, 3091782.397, 3376892.096
149.8, 4431844.942, 3091784.758, 3376891.449
149.9, 4431843.821, 3091787.065, 3376890.813
150.0, 4431842.736, 3091789.299, 3376890.195
150.1, 4431841.696, 3091791.445, 3376889.600
150.2, 4431840.709, 3091793.484, 3376889.032
150.3, 4431839.781, 3091795.401, 3376888.498
150.4, 4431838.916, 3091797.190, 3376887.999
150.5, 4431838.114, 3091798.850, 3376887.536
150.6, 4431837.373, 3091800.381, 3376887.108
150.7, 4431836.696, 3091801.784, 3376886.715
150.8, 4431836.080, 3091803.059, 3376886.359
150.9, 4431835.526, 3091804.205, 3376886.038
151.0, 4431835.035, 3091805.223, 3376885.753
151.1, 4431834.606, 3091806.112, 3376885.504
151.2, 4431834.238, 3091806.872, 3376885.291
151.3, 4431833.933, 3091807.505, 3376885.114
151.4, 4431833.690, 3091808.008, 3376884.973
151.5, 4431833.506, 3091808.390, 3376884.866
151.6, 4431833.372, 3091808.666, 3376884.789
151.7, 4431833.282, 3091808.854, 3376884.736
151.8, 4431833.226, 3091808.970, 3376884.704
151.9, 4431833.196, 3091809.032, 3376884.686
152.0, 4431833.184, 3091809.057, 3376884.679
152.1, 4431833.182, 3091809.061, 3376884.678
152.2, 4431833.182, 3091809.061, 3376884.678
152.3, 4431833.182, 3091809.061, 3376884.678
152.4, 4431833.182, 3091809.061, 3376884.678
152.5, 4431833.182, 3091809.061, 3376884.678
152.6, 4431833.182, 3091809.061, 3376884.678
152.7, 4431833.182, 3091809.061, 3376884.678
152.8, 4431833.182, 3091809.061, 3376884.678
152.9, 4431833.182, 3091809.061, 3376884.678
153.0, 4431833.182, 3091809.061, 3376884.678
153.1, 4431833.182, 3091809.061, 3376884.678
153.2, 4431833.182, 3091809.061, 3376884.678
153.3, 4431833.182, 3091809.061, 3376884.678
153.4, 4431833.182, 3091809.061, 3376884.678
153.5, 4431833.182, 3091809.061, 3376884.678
153.6, 4431833.182, 3091809.061, 3376884.678
153.7, 4431833.182, 3091809.061, 3376884.678
153.8, 4431833.182, 3091809.061, 3376884.678
153.9, 4431833.182, 3091809.061, 3376884.678
154.0, 4431833.182, 3091809.061, 3376884.678
154.1, 4431833.182, 3091809.061, 3376884.678
154.2, 4431833.182, 3091809.061, 3376884.678
154.3, 4431833.182, 3091809.061, 3376884.678
154.4, 4431833.182, 3091809.061, 3376884.678
154.5, 4431833.182, 3091809.061, 3376884.678
154.6, 4431833.182, 3091809.061, 3376884.678
154.7, 4431833.182, 3091809.061, 3376884.678
154.8, 4431833.182, 3091809.061, 3376884.678
154.9, 4431833.182, 3091809.061, 3376884.678
155.0, 4431833.182, 3091809.061, 3376884.678
155.1, 4431833.182, 3091809.061, 3376884.678
155.2, 4431833.182, 3091809.061, 3376884.678
155.3, 4431833.182, 3091809.061, 3376884.678
155.4, 4431833.182, 3091809.061, 3376884.678
155.5, 4431833.182, 3091809.061, 3376884.678
155.6, 4431833.182, 3091809.061, 3376884.678
155.7, 4431833.182, 3091809.061, 3376884.678
155.8, 4431833.182, 3091809.061, 3376884.678
155.9, 4431833.182, 3091809.061, 3376884.678
156.0, 4431833.182, 3091809.061, 3376884.678
156.1, 4431833.182, 3091809.061, 3376884.678
156.2, 4431833.182, 3091809.061, 3376884.678
156.3, 4431833.182, 3091809.061, 3376884.678
156.4, 4431833.182, 3091809.061, 3376884.678
156.5, 4431833.182, 3091809.061, 3376884.678
156.6, 4431833.182, 3091809.061, 3376884.678
156.7, 4431833.182, 3091809.061, 3376884.678
156.8, 4431833.182, 3091809.061, 3376884.678
156.9, 4431833.182, 3091809.061, 3376884.678
157.0, 4431833.182, 3091809.061, 3376884.678
157.1, 4431833.182, 3091809.061, 3376884.678
157.2, 4431833.182, 3091809.061, 3376884.678
157.3, 4431833.182, 3091809.061, 3376884.678
157.4, 4431833.182, 3091809.061, 3376884.678
157.5, 4431833.182, 3091809.061, 3376884.678
157.6, 4431833.182, 3091809.061, 3376884.678
157.7, 4431833.182, 3091809.061, 3376884.678
157.8, 4431833.182, 3091809.061, 3376884.678
157.9, 4431833.182, 3091809.061, 3376884.678
158.0, 4431833.182, 3091809.061, 3376884.678
